path,max_daily_liquidations,max_daily_liq_volume,max_oas_bps,min_liquidity,max_drawdown,emergency_days,oracle_stale_gap
0,0.0,0.0,88.73226963088992,0.8031693259227752,-0.07146185573523689,0,0
1,250.0,2024344.2229786762,500.0,0.05,-0.11686375077905897,0,0
2,0.0,0.0,95.79410339407677,0.785514741514808,-0.05056327280839901,0,0
3,250.0,2024344.2229786762,500.0,0.05,-0.11136682687619304,0,0
4,250.0,2024344.2229786762,500.0,0.05,-0.056438046701430045,0,1
5,0.0,0.0,82.79700298057477,0.8180074925485631,-0.0838840009550379,0,0
6,0.0,0.0,89.88764624361679,0.800280884390958,-0.06537631868435256,0,0
7,0.0,0.0,88.54877293239461,0.8036280676690134,-0.04488522347452795,0,0
8,250.0,2024344.2229786762,500.0,0.05,-0.07483148169634657,0,1
9,0.0,0.0,96.04344577200132,0.7848913855699967,-0.035811191359839456,0,0
10,0.0,0.0,114.03369834797604,0.7399157541300598,-0.05056541308673079,0,0
11,0.0,0.0,86.2777126095594,0.8093057184761014,-0.03534789417093165,0,0
12,0.0,0.0,86.15174670225325,0.8096206332443668,-0.027603438216180054,0,0
13,0.0,0.0,76.19599448367066,0.8345100137908233,-0.059024611234634206,0,0
14,0.0,0.0,91.939067008925,0.7951523324776875,-0.08673969280597693,0,0
15,0.0,0.0,107.16913701800812,0.7570771574549797,-0.07639241351981985,0,0
16,0.0,0.0,101.21279543772259,0.7719680114056935,-0.04745413258086062,0,0
17,250.0,2024344.2229786762,500.0,0.05,-0.03857011153576961,0,1
18,0.0,0.0,84.05378526899804,0.8148655368275048,-0.05259668782744864,0,0
19,0.0,0.0,104.05463508398425,0.7648634122900393,-0.05531476752587694,0,0
20,0.0,0.0,96.24964971757393,0.7843758757060652,-0.0453137605162125,0,0
21,0.0,0.0,93.23156103422627,0.7919210974144343,-0.07521891772915079,0,0
22,0.0,0.0,123.59276970121577,0.7160180757469605,-0.05118346189634748,0,0
23,0.0,0.0,76.88198248319226,0.8327950437920193,-0.023837508494426785,0,0
24,0.0,0.0,112.77837561069695,0.7430540609732575,-0.05377572547247156,0,0
25,0.0,0.0,95.22252226773276,0.7869436943306681,-0.04620943761804652,0,0
26,0.0,0.0,105.31270601421534,0.7617182349644617,-0.040113415695546384,0,0
27,250.0,2024344.2229786762,500.0,0.05,-0.03826803681154223,0,1
28,0.0,0.0,87.55933971851424,0.8061016507037144,-0.04590924331112256,0,0
29,0.0,0.0,92.4369608819176,0.7939075977952059,-0.07997451219128193,0,0
30,0.0,0.0,103.19598782035978,0.7670100304491005,-0.038146013118770306,0,0
31,0.0,0.0,102.77533798955396,0.7680616550261151,-0.040500377373202445,0,0
32,0.0,0.0,85.39008943821224,0.8115247764044694,-0.04547568807004487,0,0
33,250.0,2024344.2229786762,500.0,0.05,-0.13157000680710607,0,0
34,0.0,0.0,105.67644712426329,0.7608088821893417,-0.04753112066381515,0,0
35,0.0,0.0,130.159093546005,0.6996022661349874,-0.05812744215606713,0,0
36,250.0,2024344.2229786762,500.0,0.05,-0.047857200126561694,0,1
37,0.0,0.0,112.60308776641683,0.7434922805839579,-0.05438700262466156,0,0
38,0.0,0.0,123.86708488697654,0.7153322877825586,-0.07757568496889267,0,0
39,0.0,0.0,100.58502813229342,0.7735374296692664,-0.10911823066514237,0,0
40,0.0,0.0,92.79021047017764,0.7930244738245559,-0.05135667915396247,0,0
41,250.0,2024344.2229786762,500.0,0.05,-0.060415647217647805,0,0
42,0.0,0.0,96.94890260515847,0.7826277434871038,-0.04343442161523503,0,0
43,0.0,0.0,94.46132049949608,0.7888466987512598,-0.030365813255642027,0,0
44,0.0,0.0,107.90490061756964,0.7552377484560759,-0.10620625198478595,0,0
45,0.0,0.0,95.27800708371429,0.7868049822907143,-0.02674405399032298,0,0
46,0.0,0.0,96.77600142905983,0.7830599964273504,-0.04261396370690751,0,0
47,250.0,2024344.2229786762,500.0,0.05,-0.044611013763419916,0,0
48,0.0,0.0,110.35960980864282,0.7491009754783929,-0.0744370015910466,0,0
49,250.0,2024344.2229786762,500.0,0.05,-0.03401299527381707,0,1
50,0.0,0.0,70.0,0.85,-0.0313452065671882,0,0
51,250.0,2024344.2229786762,500.0,0.05,-0.08221997880479903,0,1
52,0.0,0.0,116.22045042413994,0.7344488739396501,-0.032895161067025835,0,0
53,0.0,0.0,107.82721663344309,0.7554319584163922,-0.05673601639025294,0,0
54,250.0,2024344.2229786762,500.0,0.05,-0.1257101886120644,0,0
55,0.0,0.0,117.46384004262448,0.7313403998934388,-0.039747156243969184,0,0
56,0.0,0.0,86.03155469278416,0.8099211132680396,-0.07652207130900623,0,0
57,0.0,0.0,105.74755568074029,0.7606311107981493,-0.0779691227828666,0,0
58,250.0,2024344.2229786762,500.0,0.05,-0.06797911955842995,0,1
59,250.0,2024344.2229786762,500.0,0.05,-0.12993566235976117,0,1
60,0.0,0.0,95.79382436922299,0.7855154390769425,-0.04242759686706821,0,0
61,0.0,0.0,93.88483998268661,0.7902879000432834,-0.0628123732110526,0,0
62,0.0,0.0,79.56653734904452,0.8260836566273887,-0.07091265086808263,0,0
63,250.0,2024344.2229786762,500.0,0.05,-0.10682753282595814,0,0
64,0.0,0.0,90.25686628619725,0.7993578342845069,-0.036425082766683214,0,0
65,0.0,0.0,102.40977870582283,0.7689755532354429,-0.03249023831913744,0,0
66,0.0,0.0,71.2393179304008,0.846901705173998,-0.04288025844220322,0,0
67,0.0,0.0,118.48867299569729,0.7287783175107567,-0.034816465171487065,0,0
68,250.0,2024344.2229786762,500.0,0.05,-0.03186171496884982,0,1
69,0.0,0.0,115.88060548268442,0.735298486293289,-0.052937189468278634,0,0
70,0.0,0.0,78.55910668852947,0.8286022332786763,-0.061040315389300326,0,0
71,0.0,0.0,96.45440476772667,0.7838639880806832,-0.05041495272204766,0,0
72,0.0,0.0,97.55916660979777,0.7811020834755056,-0.05272613504358259,0,0
73,0.0,0.0,87.37719615476803,0.8065570096130799,-0.03102133639846749,0,0
74,250.0,2024344.2229786762,500.0,0.05,-0.033041609020194485,0,1
75,0.0,0.0,81.88393838578688,0.8202901540355327,-0.04545039539650342,0,0
76,250.0,2024344.2229786762,500.0,0.05,-0.042355178716109276,0,0
77,0.0,0.0,86.6349378366019,0.8084126554084952,-0.029513012334520528,0,0
78,0.0,0.0,95.03924526655605,0.7874018868336099,-0.039955482829278965,0,0
79,0.0,0.0,103.59327759733272,0.7660168060066682,-0.10482207545090116,0,0
80,0.0,0.0,76.92432627023072,0.8326891843244232,-0.03156860733347533,0,0
81,0.0,0.0,104.70135383739098,0.7632466154065225,-0.028302483959773084,0,0
82,0.0,0.0,93.62332741895585,0.7909416814526103,-0.05107301499245942,0,0
83,0.0,0.0,98.77575245479352,0.7780606188630161,-0.047435486557281914,0,0
84,250.0,2024344.2229786762,500.0,0.05,-0.032309434099493495,0,1
85,250.0,2024344.2229786762,500.0,0.05,-0.06228382540388189,0,1
86,0.0,0.0,95.3178356520638,0.7867054108698405,-0.06680206846914605,0,0
87,250.0,2024344.2229786762,500.0,0.05,-0.09794943044069493,0,0
88,0.0,0.0,93.89680753168382,0.7902579811707904,-0.04602657584227021,0,0
89,0.0,0.0,89.48788331328635,0.801280291716784,-0.0366012985371309,0,0
90,0.0,0.0,117.61717927563176,0.7309570518109206,-0.10231849558623984,0,0
91,0.0,0.0,99.12641124356662,0.7771839718910835,-0.046506092771098295,0,0
92,0.0,0.0,102.26910472153298,0.7693272381961676,-0.04261593052317347,0,0
93,0.0,0.0,108.81404504278754,0.7529648873930311,-0.03195490183663485,0,0
94,0.0,0.0,104.08840005015061,0.7647789998746235,-0.057389407520504365,0,0
95,0.0,0.0,87.69000698885036,0.805774982527874,-0.05901775725940284,0,0
96,0.0,0.0,98.02003141449444,0.7799499214637639,-0.04969217812024551,0,0
97,250.0,2024344.2229786762,500.0,0.05,-0.06390782956140983,0,1
98,250.0,2024344.2229786762,500.0,0.05,-0.05263110487543421,0,1
99,0.0,0.0,84.9089044302858,0.8127277389242855,-0.05805840132380269,0,0
100,0.0,0.0,79.32951651645257,0.8266762087088686,-0.030237994893836717,0,0
101,0.0,0.0,106.59747247481748,0.7585063188129563,-0.12106952868145748,0,0
102,0.0,0.0,100.05744604720321,0.7748563848819919,-0.06358076295041892,0,0
103,0.0,0.0,95.3130225480763,0.7867174436298092,-0.04896158392462391,0,0
104,0.0,0.0,83.24569883793177,0.8168857529051705,-0.052279876942378234,0,0
105,0.0,0.0,108.37244850804838,0.754068878729879,-0.03730570350915019,0,0
106,0.0,0.0,95.81165254186404,0.7854708686453399,-0.05174577947870229,0,0
107,250.0,2024344.2229786762,500.0,0.05,-0.06313164607341326,0,0
108,250.0,2024344.2229786762,500.0,0.05,-0.03986717641991744,0,1
109,0.0,0.0,91.68116003315338,0.7957970999171166,-0.05779303100969391,0,0
110,250.0,2024344.2229786762,500.0,0.05,-0.10157914570367832,0,0
111,0.0,0.0,105.82258641721829,0.7604435339569543,-0.023902989377868167,0,0
112,0.0,0.0,101.85653670051443,0.7703586582487139,-0.05459239833827223,0,0
113,250.0,2024344.2229786762,500.0,0.05,-0.099469992603329,0,0
114,0.0,0.0,102.9383747833829,0.7676540630415427,-0.069153002054824,0,0
115,0.0,0.0,84.08833144277274,0.8147791713930681,-0.03389015546394902,0,0
116,0.0,0.0,84.11991677548646,0.8147002080612838,-0.04012115646862868,0,0
117,0.0,0.0,81.38068452703085,0.8215482886824228,-0.06537573563598464,0,0
118,0.0,0.0,83.11940496545704,0.8172014875863574,-0.04288916868671644,0,0
119,0.0,0.0,86.58348750808602,0.808541281229785,-0.066901196072777,0,0
120,0.0,0.0,105.16027997229581,0.7620993000692604,-0.057185935925604614,0,0
121,0.0,0.0,77.44466621306225,0.8313883344673444,-0.03429478344383463,0,0
122,250.0,2024344.2229786762,500.0,0.05,-0.08533181435938353,0,1
123,0.0,0.0,87.98848586681775,0.8050287853329556,-0.0744135712998174,0,0
124,250.0,2024344.2229786762,500.0,0.05,-0.04892624412422608,0,1
125,0.0,0.0,94.68695226580422,0.7882826193354894,-0.038712234058319694,0,0
126,0.0,0.0,75.14177344630494,0.8371455663842376,-0.038340605996718735,0,0
127,250.0,2024344.2229786762,500.0,0.05,-0.0246844100991791,0,1
128,250.0,2024344.2229786762,500.0,0.05,-0.07674411185308416,0,1
129,0.0,0.0,97.09624752648567,0.7822593811837858,-0.07359577980700016,0,0
130,250.0,2024344.2229786762,500.0,0.05,-0.0750526616955699,0,0
131,0.0,0.0,105.78279571323203,0.7605430107169199,-0.030076426690601732,0,0
132,0.0,0.0,73.5253000256839,0.8411867499357902,-0.0799306429678287,0,0
133,0.0,0.0,94.70845811465412,0.7882288547133647,-0.0923249018325556,0,0
134,0.0,0.0,92.28108151655397,0.794297296208615,-0.033828645994466555,0,0
135,250.0,2024344.2229786762,500.0,0.05,-0.031051185660911806,0,1
136,250.0,2024344.2229786762,500.0,0.05,-0.048037122003686594,0,0
137,0.0,0.0,92.12496713846564,0.794687582153836,-0.08969333926541878,0,0
138,0.0,0.0,87.97060935800641,0.805073476604984,-0.046301543787680144,0,0
139,250.0,2024344.2229786762,500.0,0.05,-0.032865220188755706,0,1
140,0.0,0.0,84.2765224892158,0.8143086937769605,-0.05805871784264438,0,0
141,250.0,2024344.2229786762,500.0,0.05,-0.069358890059802,0,0
142,0.0,0.0,99.95426328990833,0.7751143417752292,-0.06299126395869892,0,0
143,0.0,0.0,89.66725259720371,0.8008318685069907,-0.029001353275768138,0,0
144,0.0,0.0,96.08872417352164,0.7847781895661958,-0.06008362964938052,0,0
145,0.0,0.0,91.7133796733105,0.7957165508167238,-0.047343332684143924,0,0
146,0.0,0.0,90.21347073799143,0.7994663231550214,-0.03251103997282567,0,0
147,0.0,0.0,134.68450091989365,0.6882887477002658,-0.054254613598693435,0,0
148,0.0,0.0,94.91443037545686,0.7877139240613579,-0.07376463419828272,0,0
149,250.0,2024344.2229786762,500.0,0.05,-0.046755848097083,0,1
150,0.0,0.0,90.78935039882013,0.7980266240029497,-0.05588253025884249,0,0
151,0.0,0.0,86.04819173659632,0.8098795206585092,-0.045605616353292855,0,0
152,250.0,2024344.2229786762,500.0,0.05,-0.04034668544042275,0,1
153,0.0,0.0,92.10709340738195,0.794732266481545,-0.04267322582084221,0,0
154,250.0,2024344.2229786762,500.0,0.05,-0.03084450303337538,0,1
155,0.0,0.0,103.5116453736145,0.7662208865659638,-0.03168153419205,0,0
156,0.0,0.0,108.49656253251568,0.7537585936687108,-0.03773569926191378,0,0
157,0.0,0.0,79.21594233773061,0.8269601441556734,-0.043240555661543945,0,0
158,0.0,0.0,110.48503239053714,0.7487874190236571,-0.03253635167371083,0,0
159,0.0,0.0,104.43882587998561,0.763902935300036,-0.05091580658182948,0,0
160,250.0,2024344.2229786762,500.0,0.05,-0.05560960966250306,0,1
161,0.0,0.0,104.09843554337527,0.7647539111415618,-0.033550101592415116,0,0
162,0.0,0.0,88.36689319179386,0.8040827670205153,-0.08273005663558741,0,0
163,250.0,2024344.2229786762,500.0,0.05,-0.02984471570423619,0,1
164,0.0,0.0,92.07043623369648,0.7948239094157588,-0.036455060575303344,0,0
165,0.0,0.0,113.91495726970135,0.7402126068257466,-0.094835978041515,0,0
166,0.0,0.0,102.22030322432965,0.7694492419391759,-0.04687292424292833,0,0
167,0.0,0.0,101.1929538778416,0.7720176153053959,-0.03087654246496352,0,0
168,0.0,0.0,107.25536074985793,0.7568615981253551,-0.08339556044657781,0,0
169,0.0,0.0,95.3825576793977,0.7865436058015057,-0.04589848524152673,0,0
170,0.0,0.0,86.06343814126899,0.8098414046468275,-0.03894580278215087,0,0
171,0.0,0.0,112.9376411160096,0.7426558972099759,-0.072566164075064,0,0
172,250.0,2024344.2229786762,500.0,0.05,-0.12361706036827391,0,0
173,0.0,0.0,91.32627192102127,0.7966843201974468,-0.047101225465794316,0,0
174,250.0,2024344.2229786762,500.0,0.05,-0.08033038343450416,0,0
175,250.0,2024344.2229786762,500.0,0.05,-0.03831111819899591,0,1
176,0.0,0.0,94.17663024311747,0.7895584243922062,-0.03879944193233553,0,0
177,0.0,0.0,107.42916025536879,0.756427099361578,-0.05641407814185828,0,0
178,0.0,0.0,70.7888932084725,0.8480277669788188,-0.0369424934246817,0,0
179,0.0,0.0,90.53036209207211,0.7986740947698197,-0.06057852806397701,0,0
180,0.0,0.0,98.48023168906262,0.7787994207773434,-0.05111107151947403,0,0
181,0.0,0.0,104.9142951510763,0.7627142621223092,-0.05590376229442662,0,0
182,250.0,2024344.2229786762,500.0,0.05,-0.12412717741885826,0,0
183,0.0,0.0,99.70538186541583,0.7757365453364604,-0.027984161829628262,0,0
184,0.0,0.0,93.27364002325614,0.7918158999418596,-0.03245999305694813,0,0
185,0.0,0.0,85.22094371399409,0.8119476407150148,-0.03175367538567675,0,0
186,0.0,0.0,92.86340305754567,0.7928414923561358,-0.051651524708063445,0,0
187,250.0,2024344.2229786762,500.0,0.05,-0.06027507185995584,0,1
188,0.0,0.0,126.88407094017691,0.7077898226495577,-0.03252493278762414,0,0
189,0.0,0.0,72.73491025397445,0.8431627243650639,-0.02634726167023904,0,0
190,0.0,0.0,84.434787101213,0.8139130322469674,-0.03679586901970977,0,0
191,0.0,0.0,80.55087840448616,0.8236228039887846,-0.09030629430949266,0,0
192,250.0,2024344.2229786762,500.0,0.05,-0.0811693968063455,0,1
193,0.0,0.0,106.52598353324511,0.7586850411668872,-0.05040871495767152,0,0
194,0.0,0.0,97.95998516079462,0.7801000370980135,-0.0325548832006719,0,0
195,0.0,0.0,114.35868067072653,0.7391032983231837,-0.10461046461855206,0,0
196,0.0,0.0,93.69832685906127,0.7907541828523468,-0.05363239925543517,0,0
197,0.0,0.0,71.08437454312948,0.8472890636421763,-0.03721468079803536,0,0
198,0.0,0.0,89.58486287097875,0.8010378428225531,-0.04689703170652704,0,0
199,0.0,0.0,96.63617042608124,0.7834095739347969,-0.054636208933868446,0,0
200,0.0,0.0,84.01678516979761,0.814958037075506,-0.026668699602439894,0,0
201,0.0,0.0,92.07892397955715,0.7948026900511072,-0.03225640943851793,0,0
202,0.0,0.0,85.30781718035466,0.8117304570491133,-0.03534548820250272,0,0
203,250.0,2024344.2229786762,500.0,0.05,-0.04459037100205887,0,1
204,250.0,2024344.2229786762,500.0,0.05,-0.0331611997040091,0,1
205,0.0,0.0,92.26682637228718,0.794332934069282,-0.0511442133845168,0,0
206,250.0,2024344.2229786762,500.0,0.05,-0.05164203204335793,0,1
207,0.0,0.0,84.78380066103868,0.8130404983474033,-0.038202014154079644,0,0
208,250.0,2024344.2229786762,500.0,0.05,-0.030052784760950746,0,1
209,0.0,0.0,111.54285780333196,0.74614285549167,-0.0899793902169509,0,0
210,0.0,0.0,85.56773788809137,0.8110806552797716,-0.1001921391350531,0,0
211,0.0,0.0,93.0708862711109,0.7923227843222227,-0.023115752043412208,0,0
212,0.0,0.0,73.92324000319391,0.8401918999920152,-0.051214685843440466,0,0
213,0.0,0.0,87.01470492079066,0.8074632376980233,-0.03211021344799647,0,0
214,0.0,0.0,74.83469048797078,0.8379132737800731,-0.023979894634729382,0,0
215,0.0,0.0,94.91221234549008,0.7877194691362748,-0.0566120389173006,0,0
216,250.0,2024344.2229786762,500.0,0.05,-0.04779265395428445,0,1
217,250.0,2024344.2229786762,500.0,0.05,-0.04594361509338807,0,1
218,0.0,0.0,106.32856831024272,0.7591785792243932,-0.032436160212602205,0,0
219,0.0,0.0,98.63324531448956,0.7784168867137761,-0.08401104604239673,0,0
220,0.0,0.0,85.77967715670856,0.8105508071082286,-0.027744974739856598,0,0
221,0.0,0.0,96.74716161775325,0.7831320959556168,-0.0396446614961492,0,0
222,0.0,0.0,85.9682457905055,0.8100793855237363,-0.025446923896340956,0,0
223,0.0,0.0,105.76034833464281,0.7605991291633929,-0.035973836141975024,0,0
224,0.0,0.0,109.389953967186,0.751525115082035,-0.039328327605008706,0,0
225,0.0,0.0,93.99325477350979,0.7900168630662255,-0.05616639832587267,0,0
226,250.0,2024344.2229786762,500.0,0.05,-0.0636978551982822,0,1
227,0.0,0.0,84.00982539906563,0.8149754365023358,-0.05692093038044932,0,0
228,0.0,0.0,102.23650098178712,0.7694087475455322,-0.03336875885094448,0,0
229,250.0,2024344.2229786762,500.0,0.05,-0.03329557113790249,0,1
230,250.0,2024344.2229786762,500.0,0.05,-0.05238247279783248,0,1
231,0.0,0.0,87.82543675801087,0.8054364081049729,-0.07175970379189411,0,0
232,250.0,2024344.2229786762,500.0,0.05,-0.1414315835746226,0,0
233,0.0,0.0,73.3269888214105,0.8416825279464737,-0.022045136330786752,0,0
234,0.0,0.0,82.8541890423609,0.8178645273940978,-0.05615943332315443,0,0
235,0.0,0.0,101.4036950591884,0.771490762352029,-0.037869476710831074,0,0
236,0.0,0.0,95.75628560894283,0.7856092859776429,-0.053802199395060146,0,0
237,0.0,0.0,103.87241584172085,0.7653189603956978,-0.043801304429337495,0,0
238,250.0,2024344.2229786762,500.0,0.05,-0.02814563035397344,0,1
239,250.0,2024344.2229786762,500.0,0.05,-0.039500463595215085,0,1
240,0.0,0.0,106.79323497264215,0.7580169125683947,-0.028726437749946765,0,0
241,0.0,0.0,91.444513179339,0.7963887170516525,-0.04422487631248517,0,0
242,250.0,2024344.2229786762,500.0,0.05,-0.07223726672271114,0,0
243,0.0,0.0,82.66795697489245,0.8183301075627689,-0.04425027822606231,0,0
244,0.0,0.0,90.8723340647433,0.7978191648381417,-0.08730598140090118,0,0
245,0.0,0.0,97.27875525329726,0.7818031118667568,-0.021656273575960783,0,0
246,0.0,0.0,92.90290012542471,0.7927427496864382,-0.03199694098379402,0,0
247,0.0,0.0,96.35524187046803,0.7841118953238299,-0.020193811592456812,0,0
248,250.0,2024344.2229786762,500.0,0.05,-0.05038312437062331,0,0
249,0.0,0.0,95.50293625341871,0.7862426593664532,-0.03154675087977288,0,0
250,0.0,0.0,105.64476484996122,0.760888087875097,-0.034820147833191206,0,0
251,0.0,0.0,103.88355023072705,0.7652911244231824,-0.09357871091659897,0,0
252,0.0,0.0,105.19359029616359,0.762016024259591,-0.08332963465870524,0,0
253,0.0,0.0,94.88099347044361,0.787797516323891,-0.04111632768233653,0,0
254,0.0,0.0,113.09752261324583,0.7422561934668854,-0.04790847434446022,0,0
255,250.0,2024344.2229786762,500.0,0.05,-0.08350983751121754,0,0
256,0.0,0.0,85.90654843805277,0.810233628904868,-0.029602451899818583,0,0
257,250.0,2024344.2229786762,500.0,0.05,-0.06814783527208712,0,1
258,250.0,2024344.2229786762,500.0,0.05,-0.11209097169739002,0,1
259,0.0,0.0,85.66397011246966,0.8108400747188258,-0.05512923307909878,0,0
260,250.0,2024344.2229786762,500.0,0.05,-0.0558280695980532,0,1
261,0.0,0.0,97.38959683734143,0.7815260079066464,-0.058704355981059164,0,0
262,0.0,0.0,107.07971601550915,0.7573007099612271,-0.07585134153659301,0,0
263,250.0,2024344.2229786762,500.0,0.05,-0.05309121639585912,0,1
264,250.0,2024344.2229786762,500.0,0.05,-0.11849735488014135,0,0
265,0.0,0.0,100.65583384066059,0.7733604153983485,-0.06338915351092556,0,0
266,0.0,0.0,90.19378047863901,0.7995155488034025,-0.04436631540377711,0,0
267,0.0,0.0,89.4274758402681,0.8014313103993297,-0.061670364267912725,0,0
268,250.0,2024344.2229786762,500.0,0.05,-0.030048636920222305,0,1
269,250.0,2024344.2229786762,500.0,0.05,-0.03080531942473619,0,1
270,250.0,2024344.2229786762,500.0,0.05,-0.025069141780030058,0,1
271,0.0,0.0,101.9552361657766,0.7701119095855585,-0.06208662015333455,0,0
272,250.0,2024344.2229786762,500.0,0.05,-0.039057897311261414,0,1
273,0.0,0.0,103.54651279435743,0.7661337180141065,-0.06756351577516007,0,0
274,0.0,0.0,109.06963813209804,0.7523259046697549,-0.0758534311861564,0,0
275,0.0,0.0,100.62370263614542,0.7734407434096364,-0.03389727122920627,0,0
276,0.0,0.0,87.589234355895,0.8060269141102625,-0.0527333735467479,0,0
277,0.0,0.0,94.90964789181585,0.7877258802704603,-0.060898245815284247,0,0
278,250.0,2024344.2229786762,500.0,0.05,-0.08311930295065284,0,0
279,0.0,0.0,104.07908730723724,0.7648022817319069,-0.04226425431908076,0,0
280,250.0,2024344.2229786762,500.0,0.05,-0.06156339834635527,0,1
281,0.0,0.0,75.8397834244553,0.8354005414388617,-0.03378579536810733,0,0
282,0.0,0.0,100.4218813619702,0.7739452965950745,-0.0860557746220868,0,0
283,0.0,0.0,81.33973146360057,0.8216506713409986,-0.03050025759536079,0,0
284,0.0,0.0,89.65922328827018,0.8008519417793245,-0.020211790800969243,0,0
285,0.0,0.0,80.72893173055535,0.8231776706736116,-0.05333066264573305,0,0
286,250.0,2024344.2229786762,500.0,0.05,-0.053917416070049407,0,1
287,0.0,0.0,118.8943858557503,0.7277640353606243,-0.03467436402245894,0,0
288,0.0,0.0,99.90424655758504,0.7752393836060374,-0.05593101767887909,0,0
289,250.0,2024344.2229786762,500.0,0.05,-0.03767741610619857,0,1
290,0.0,0.0,95.54129191675068,0.7861467702081233,-0.03590635619337079,0,0
291,250.0,2024344.2229786762,500.0,0.05,-0.04790343573516809,0,1
292,0.0,0.0,85.29122926565033,0.8117719268358742,-0.07975743783240752,0,0
293,250.0,2024344.2229786762,500.0,0.05,-0.06914775754010904,0,1
294,0.0,0.0,115.50696223076466,0.7362325944230883,-0.034935077074263465,0,0
295,0.0,0.0,92.02495231037729,0.7949376192240567,-0.016276321456853315,0,0
296,0.0,0.0,108.77144045923352,0.7530713988519162,-0.036625991797291424,0,0
297,0.0,0.0,100.78949759807094,0.7730262560048227,-0.04869151889610479,0,0
298,0.0,0.0,92.42847254076099,0.7939288186480975,-0.027282649358349675,0,0
299,0.0,0.0,71.64629798100789,0.8458842550474802,-0.050058101938746824,0,0
300,0.0,0.0,105.27314484443879,0.761817137888903,-0.03489200295938577,0,0
301,250.0,2024344.2229786762,500.0,0.05,-0.03888242209257886,0,1
302,0.0,0.0,107.8319000732887,0.7554202498167782,-0.03794806264279571,0,0
303,0.0,0.0,87.99253613649982,0.8050186596587504,-0.07463117210334314,0,0
304,0.0,0.0,106.08902909363242,0.7597774272659189,-0.044308420593241804,0,0
305,0.0,0.0,88.25905624855429,0.8043523593786143,-0.03770374715141378,0,0
306,0.0,0.0,113.79260233030429,0.7405184941742392,-0.05056137706488084,0,0
307,0.0,0.0,107.78590981353281,0.7555352254661679,-0.06938356254439526,0,0
308,0.0,0.0,92.3042545290392,0.794239363677402,-0.037612840749550736,0,0
309,250.0,2024344.2229786762,500.0,0.05,-0.04139809149071616,0,1
310,0.0,0.0,85.1082494833538,0.8122293762916155,-0.03719579025591302,0,0
311,0.0,0.0,109.746294484358,0.750634263789105,-0.0653015541369335,0,0
312,0.0,0.0,92.25543504803508,0.7943614123799123,-0.06389277488756251,0,0
313,0.0,0.0,74.16654637809894,0.8395836340547527,-0.036375173914755976,0,0
314,0.0,0.0,89.96778326986194,0.8000805418253452,-0.03513059683758557,0,0
315,0.0,0.0,126.47600313004213,0.7088099921748947,-0.09307509886671916,0,0
316,0.0,0.0,97.1286483454589,0.7821783791363527,-0.05176931716936917,0,0
317,0.0,0.0,118.00856516358604,0.7299785870910349,-0.06387791532140419,0,0
318,0.0,0.0,106.5692061670686,0.7585769845823285,-0.057675564984296046,0,0
319,0.0,0.0,88.94106077220539,0.8026473480694865,-0.038597623922985935,0,0
320,0.0,0.0,89.96813067137025,0.8000796733215744,-0.04652835910671993,0,0
321,0.0,0.0,89.6037174946761,0.8009907062633097,-0.10022489389402911,0,0
322,0.0,0.0,83.73531451355254,0.8156617137161186,-0.0366634897820991,0,0
323,0.0,0.0,80.76649158706662,0.8230837710323334,-0.03564006246459528,0,0
324,0.0,0.0,82.82349380984112,0.8179412654753971,-0.02545635288196768,0,0
325,0.0,0.0,97.17764669514791,0.7820558832621302,-0.06984040331760022,0,0
326,0.0,0.0,90.32271853550263,0.7991932036612434,-0.03734772101541206,0,0
327,0.0,0.0,117.65507397681598,0.7308623150579601,-0.07306494118381679,0,0
328,0.0,0.0,86.52648774678818,0.8086837806330296,-0.04222424151070758,0,0
329,0.0,0.0,77.86101012279433,0.8303474746930142,-0.04068562083960925,0,0
330,250.0,2024344.2229786762,500.0,0.05,-0.07148659245843669,0,0
331,0.0,0.0,91.78762600767195,0.7955309349808202,-0.031187130736997304,0,0
332,0.0,0.0,95.50930485013475,0.7862267378746631,-0.051478570483991404,0,0
333,0.0,0.0,78.604747436922,0.828488131407695,-0.03832414577290244,0,0
334,250.0,2024344.2229786762,500.0,0.05,-0.04098074243059113,0,1
335,0.0,0.0,89.59108372467982,0.8010222906883004,-0.032904296517004106,0,0
336,250.0,2024344.2229786762,500.0,0.05,-0.0454631177930378,0,1
337,0.0,0.0,86.92165854374858,0.8076958536406286,-0.06791602196824897,0,0
338,250.0,2024344.2229786762,500.0,0.05,-0.03927749484611587,0,1
339,0.0,0.0,92.3217406900756,0.7941956482748109,-0.030386266472417156,0,0
340,250.0,2024344.2229786762,500.0,0.05,-0.04892901799977434,0,1
341,0.0,0.0,89.67849223395034,0.8008037694151241,-0.08946516619704759,0,0
342,0.0,0.0,108.7817127105085,0.7530457182237287,-0.040234520369323956,0,0
343,0.0,0.0,79.06577758585715,0.8273355560353571,-0.04460027547670431,0,0
344,0.0,0.0,80.67525527537293,0.8233118618115677,-0.047026387767885036,0,0
345,0.0,0.0,93.94034746925641,0.7901491313268589,-0.03911712182273486,0,0
346,0.0,0.0,82.10098521564953,0.8197475369608761,-0.08597170797931886,0,0
347,0.0,0.0,93.85363462531055,0.7903659134367236,-0.031156887877932693,0,0
348,0.0,0.0,99.56055201104796,0.77609861997238,-0.06444857416283711,0,0
349,250.0,2024344.2229786762,500.0,0.05,-0.043734103933690927,0,1
350,0.0,0.0,85.50916434172345,0.8112270891456914,-0.05327805392726137,0,0
351,0.0,0.0,84.80968021334242,0.8129757994666439,-0.036537447800189415,0,0
352,0.0,0.0,101.5558799517227,0.7711103001206933,-0.02643679772790075,0,0
353,0.0,0.0,81.81780553436273,0.8204554861640931,-0.04446980469406869,0,0
354,0.0,0.0,90.96596523882302,0.7975850869029424,-0.022530552737772935,0,0
355,0.0,0.0,83.9240710324482,0.8151898224188795,-0.03211509892121034,0,0
356,0.0,0.0,77.62607389265612,0.8309348152683597,-0.039450227503546764,0,0
357,0.0,0.0,91.49387016431388,0.7962653245892153,-0.040170385553689125,0,0
358,0.0,0.0,73.84362898151308,0.8403909275462172,-0.04088298308576954,0,0
359,0.0,0.0,90.71438890343829,0.7982140277414043,-0.029519331297046092,0,0
360,0.0,0.0,90.15535280431548,0.7996116179892112,-0.04774875981069027,0,0
361,250.0,2024344.2229786762,500.0,0.05,-0.040130451111321186,0,1
362,250.0,2024344.2229786762,500.0,0.05,-0.034353270950196135,0,1
363,250.0,2024344.2229786762,500.0,0.05,-0.038376687304196966,0,1
364,0.0,0.0,88.02518866136776,0.8049370283465805,-0.06388942125706121,0,0
365,0.0,0.0,95.48918263834754,0.7862770434041311,-0.02550816839879244,0,0
366,0.0,0.0,92.08689573092016,0.7947827606726996,-0.0567396777451471,0,0
367,0.0,0.0,90.99932337990576,0.7975016915502355,-0.041979563916611506,0,0
368,0.0,0.0,96.04453546383851,0.7848886613404037,-0.0523255630903684,0,0
369,250.0,2024344.2229786762,500.0,0.05,-0.10697226208097776,0,0
370,0.0,0.0,100.56292931351791,0.7735926767162052,-0.0538641419393473,0,0
371,0.0,0.0,93.19371255148256,0.7920157186212936,-0.028824214953087957,0,0
372,0.0,0.0,104.27722104462161,0.764306947388446,-0.0373430503801192,0,0
373,0.0,0.0,71.26882689874556,0.8468279327531361,-0.09000913914004383,0,0
374,0.0,0.0,87.96513559563745,0.8050871610109064,-0.042721352051714345,0,0
375,250.0,2024344.2229786762,500.0,0.05,-0.037668017177925894,0,1
376,0.0,0.0,83.83098882069933,0.8154225279482517,-0.0384564854212579,0,0
377,0.0,0.0,79.25202105374994,0.8268699473656251,-0.04012653115881837,0,0
378,0.0,0.0,78.35263566035398,0.829118410849115,-0.05437871407664885,0,0
379,0.0,0.0,90.05252488453101,0.7998686877886725,-0.04996369801327982,0,0
380,0.0,0.0,99.7225972550701,0.7756935068623247,-0.05067187363966419,0,0
381,0.0,0.0,84.30358582214791,0.8142410354446302,-0.04663051239028171,0,0
382,0.0,0.0,96.68555883054755,0.7832861029236311,-0.052647099691450205,0,0
383,0.0,0.0,77.8580956771182,0.8303547608072045,-0.04954615985885924,0,0
384,0.0,0.0,84.54218614715066,0.8136445346321233,-0.06721565027691279,0,0
385,0.0,0.0,92.86099443864212,0.7928475139033947,-0.03377543588595511,0,0
386,0.0,0.0,77.19398738539782,0.8320150315365055,-0.09129395927490713,0,0
387,0.0,0.0,84.647867666395,0.8133803308340125,-0.026440201651126927,0,0
388,250.0,2024344.2229786762,500.0,0.05,-0.06910826102396739,0,1
389,0.0,0.0,98.18808762320448,0.7795297809419888,-0.053657612527834186,0,0
390,0.0,0.0,92.19345581530784,0.7945163604617304,-0.08783664434610228,0,0
391,250.0,2024344.2229786762,500.0,0.05,-0.06074237396108029,0,1
392,0.0,0.0,101.32812313431116,0.771679692164222,-0.05924533474483484,0,0
393,0.0,0.0,87.27636744696626,0.8068090813825843,-0.0502704486069433,0,0
394,250.0,2024344.2229786762,500.0,0.05,-0.04329696952815709,0,1
395,0.0,0.0,94.92653178333643,0.7876836705416589,-0.09269810963120972,0,0
396,0.0,0.0,119.91527067947011,0.7252118233013247,-0.04362038497587062,0,0
397,0.0,0.0,89.21838359793648,0.8019540410051588,-0.07054991864137139,0,0
398,250.0,2024344.2229786762,500.0,0.05,-0.06292827183005956,0,0
399,0.0,0.0,110.4391578668492,0.7489021053328769,-0.028919608884108716,0,0
400,0.0,0.0,102.35336346150359,0.769116591346241,-0.026087394232714556,0,0
401,0.0,0.0,110.11473738947208,0.7497131565263198,-0.08858536651685678,0,0
402,0.0,0.0,89.37593436120582,0.8015601640969854,-0.08058999081150175,0,0
403,250.0,2024344.2229786762,500.0,0.05,-0.02958548314295606,0,1
404,0.0,0.0,92.30194308475066,0.7942451422881234,-0.018953597493827523,0,0
405,0.0,0.0,81.74465643560599,0.820638358910985,-0.044796042106034384,0,0
406,0.0,0.0,85.40733426371051,0.8114816643407237,-0.04395102768404813,0,0
407,0.0,0.0,94.41613705957658,0.7889596573510586,-0.08312276046668421,0,0
408,250.0,2024344.2229786762,500.0,0.05,-0.05269210790721146,0,1
409,0.0,0.0,103.81072427585066,0.7654731893103733,-0.04274793021633583,0,0
410,0.0,0.0,102.98702776984236,0.7675324305753941,-0.08274158294048461,0,0
411,0.0,0.0,121.84093844308006,0.7203976538922998,-0.0596868332483278,0,0
412,250.0,2024344.2229786762,500.0,0.05,-0.041723801670261906,0,1
413,0.0,0.0,90.46946999568311,0.7988263250107922,-0.04807309429308548,0,0
414,250.0,2024344.2229786762,500.0,0.05,-0.07068654850413236,0,1
415,0.0,0.0,124.50989271154837,0.713725268221129,-0.09686284807530066,0,0
416,250.0,2024344.2229786762,500.0,0.05,-0.043547863869858205,0,1
417,0.0,0.0,88.3435122171623,0.8041412194570943,-0.039080669017521275,0,0
418,0.0,0.0,86.99159426304293,0.8075210143423927,-0.04075465654348831,0,0
419,0.0,0.0,98.27364551743501,0.7793158862064125,-0.0323253894982406,0,0
420,0.0,0.0,83.48360228779102,0.8162909942805224,-0.040362295954691985,0,0
421,250.0,2024344.2229786762,500.0,0.05,-0.03251582373796724,0,1
422,250.0,2024344.2229786762,500.0,0.05,-0.026541543655505317,0,1
423,250.0,2024344.2229786762,500.0,0.05,-0.05876748181425295,0,1
424,0.0,0.0,87.09024914670624,0.8072743771332344,-0.026426799977871895,0,0
425,250.0,2024344.2229786762,500.0,0.05,-0.05245107090790391,0,0
426,0.0,0.0,82.71775289621874,0.8182056177594531,-0.04787080611725958,0,0
427,0.0,0.0,116.83245174054582,0.7329188706486354,-0.03470293907738198,0,0
428,250.0,2024344.2229786762,500.0,0.05,-0.057753614142020626,0,1
429,0.0,0.0,110.10200917907824,0.7497449770523044,-0.042311711427394094,0,0
430,0.0,0.0,92.52183519064566,0.7936954120233858,-0.04098052070956748,0,0
431,0.0,0.0,93.8048232462108,0.790487941884473,-0.0831654930959913,0,0
432,0.0,0.0,118.53377279182826,0.7286655680204294,-0.08022989115648926,0,0
433,0.0,0.0,108.95617046721755,0.7526095738319561,-0.06224535399968811,0,0
434,250.0,2024344.2229786762,500.0,0.05,-0.030104593985706085,0,1
435,0.0,0.0,94.1925289424944,0.7895186776437639,-0.04762130472333337,0,0
436,250.0,2024344.2229786762,500.0,0.05,-0.032156253443826,0,1
437,0.0,0.0,93.1938052405726,0.7920154868985685,-0.06903573574671162,0,0
438,250.0,2024344.2229786762,500.0,0.05,-0.1351754268500972,0,0
439,0.0,0.0,94.54946590828895,0.7886263352292776,-0.06601651394976016,0,0
440,250.0,2024344.2229786762,500.0,0.05,-0.06964704245923825,2,0
441,0.0,0.0,94.22552114177823,0.7894361971455544,-0.05371077164460236,0,0
442,0.0,0.0,82.17604483607654,0.8195598879098086,-0.04995202440802293,0,0
443,0.0,0.0,111.84329754548776,0.7453917561362806,-0.060250400095809176,0,0
444,0.0,0.0,94.66649466957094,0.7883337633260726,-0.03134543233165321,0,0
445,0.0,0.0,97.63951601568768,0.7809012099607808,-0.03943948901227101,0,0
446,0.0,0.0,88.17616978836939,0.8045595755290765,-0.04068686720750403,0,0
447,0.0,0.0,92.63875930369802,0.7934031017407549,-0.06558911063682749,0,0
448,250.0,2024344.2229786762,500.0,0.05,-0.0377684938703966,0,1
449,0.0,0.0,83.01635813402937,0.8174591046649266,-0.04314532108645497,0,0
450,250.0,2024344.2229786762,500.0,0.05,-0.02985729045643981,0,1
451,0.0,0.0,97.56163557608333,0.7810959110597917,-0.06003330924791328,0,0
452,0.0,0.0,95.9979335583065,0.7850051661042338,-0.060124871205426866,0,0
453,250.0,2024344.2229786762,500.0,0.05,-0.11662733661945035,0,0
454,250.0,2024344.2229786762,500.0,0.05,-0.03667603755951332,0,1
455,0.0,0.0,70.0,0.85,-0.02931670249105034,0,0
456,0.0,0.0,107.05817714016219,0.7573545571495945,-0.07721415137479248,0,0
457,0.0,0.0,99.05541173983397,0.777361470650415,-0.04225694080247877,0,0
458,0.0,0.0,90.6296220425446,0.7984259448936385,-0.06870424517101148,0,0
459,0.0,0.0,102.36920263030697,0.7690769934242325,-0.045168398450736835,0,0
460,0.0,0.0,90.22065154881308,0.7994483711279673,-0.061832121885275204,0,0
461,250.0,2024344.2229786762,500.0,0.05,-0.044377005211019616,0,1
462,0.0,0.0,88.52223434794652,0.8036944141301336,-0.03406491464746464,0,0
463,0.0,0.0,70.19978585741356,0.8495005353564661,-0.049960155382467564,0,0
464,0.0,0.0,112.86064187887696,0.7428483953028076,-0.06942119819959303,0,0
465,0.0,0.0,87.01803932174319,0.807454901695642,-0.027864421550634844,0,0
466,0.0,0.0,104.16524409100072,0.7645868897724982,-0.024353898808519903,0,0
467,0.0,0.0,108.33620297343019,0.7541594925664246,-0.037252092568840656,0,0
468,250.0,2024344.2229786762,500.0,0.05,-0.0675392256652605,0,1
469,0.0,0.0,96.80706747187455,0.7829823313203136,-0.07811801712116029,0,0
470,0.0,0.0,94.66062513745314,0.7883484371563672,-0.030409458266417055,0,0
471,0.0,0.0,80.03178957633654,0.8249205260591587,-0.04131643551937958,0,0
472,250.0,2024344.2229786762,500.0,0.05,-0.04171559469311226,0,1
473,250.0,2024344.2229786762,500.0,0.05,-0.048100989088240786,0,1
474,0.0,0.0,97.99837991234857,0.7800040502191286,-0.10416511796233052,0,0
475,0.0,0.0,97.28731206506276,0.7817817198373431,-0.11760430528770172,0,0
476,0.0,0.0,90.60397358332686,0.7984900660416828,-0.06998082260807914,0,0
477,0.0,0.0,95.22442632269787,0.7869389341932553,-0.06881147251015374,0,0
478,0.0,0.0,94.95223122154356,0.7876194219461411,-0.09456160497593846,0,0
479,0.0,0.0,97.5319509618062,0.7811701225954845,-0.04877124162977886,0,0
480,0.0,0.0,91.22953908788854,0.7969261522802786,-0.0404740337809123,0,0
481,0.0,0.0,76.21695521702907,0.8344576119574273,-0.04014462259066476,0,0
482,0.0,0.0,93.43783411308745,0.7914054147172813,-0.046464520789582964,0,0
483,0.0,0.0,93.22814438920383,0.7919296390269904,-0.03645897381609453,0,0
484,250.0,2024344.2229786762,500.0,0.05,-0.040840375324903255,0,1
485,0.0,0.0,97.89851931610896,0.7802537017097275,-0.04744857806475644,0,0
486,250.0,2024344.2229786762,500.0,0.05,-0.08523801172375312,0,0
487,0.0,0.0,100.83672206531047,0.7729081948367238,-0.06761365671392539,0,0
488,0.0,0.0,93.71241624973223,0.7907189593756694,-0.038910402044615156,0,0
489,0.0,0.0,96.00647891806838,0.784983802704829,-0.03533677285605019,0,0
490,0.0,0.0,70.0,0.85,-0.05544927336899652,0,0
491,0.0,0.0,109.34617132914761,0.751634571677131,-0.050942795181277534,0,0
492,250.0,2024344.2229786762,500.0,0.05,-0.08652478810155995,0,0
493,0.0,0.0,70.0,0.85,-0.03786131188345854,0,0
494,0.0,0.0,93.44767656492716,0.7913808085876821,-0.03239853338419796,0,0
495,0.0,0.0,75.2097941894619,0.8369755145263452,-0.021402859754933057,0,0
496,0.0,0.0,93.02714078625083,0.7924321480343729,-0.07720277068629633,0,0
497,0.0,0.0,121.80472437339945,0.7204881890665014,-0.07476395987713402,0,0
498,0.0,0.0,81.04316607811181,0.8223920848047205,-0.057744004941245874,0,0
499,250.0,2024344.2229786762,500.0,0.05,-0.05021834289042715,0,0
500,0.0,0.0,104.4838449939352,0.763790387515162,-0.06208283168570927,0,0
501,0.0,0.0,99.71217273150133,0.7757195681712467,-0.05617143636713473,0,0
502,250.0,2024344.2229786762,500.0,0.05,-0.09872640936063837,0,0
503,0.0,0.0,84.14161422057548,0.8146459644485613,-0.06928190413296509,0,0
504,0.0,0.0,85.90363991650959,0.810240900208726,-0.06336507525603019,0,0
505,0.0,0.0,91.65313113677117,0.7958671721580721,-0.044819882085482154,0,0
506,0.0,0.0,100.6295323585272,0.773426169103682,-0.08023443383601969,0,0
507,0.0,0.0,91.07841040000764,0.7973039739999809,-0.023611968344647183,0,0
508,0.0,0.0,106.81273379035967,0.7579681655241008,-0.054131061247891465,0,0
509,250.0,2024344.2229786762,500.0,0.05,-0.05922845139343713,0,1
510,250.0,2024344.2229786762,500.0,0.05,-0.07340191827090148,0,1
511,0.0,0.0,104.33905534658928,0.7641523616335268,-0.07786569376621688,0,0
512,250.0,2024344.2229786762,500.0,0.05,-0.06305812366686747,0,1
513,0.0,0.0,91.83818149743276,0.7954045462564181,-0.06908908025061478,0,0
514,0.0,0.0,74.6559669446488,0.838360082638378,-0.0586368777979408,0,0
515,0.0,0.0,85.69010106961976,0.8107747473259506,-0.0706423551735762,0,0
516,0.0,0.0,97.1712168014029,0.7820719579964928,-0.050942842144952705,0,0
517,0.0,0.0,87.58444754768664,0.8060388811307834,-0.05822456288273492,0,0
518,250.0,2024344.2229786762,500.0,0.05,-0.042042123469220094,0,1
519,250.0,2024344.2229786762,500.0,0.05,-0.07754128932730775,0,0
520,0.0,0.0,93.30557852295519,0.791736053692612,-0.0385195168928405,0,0
521,0.0,0.0,96.38059938368771,0.7840485015407808,-0.034040747486645095,0,0
522,0.0,0.0,107.71150970431201,0.75572122573922,-0.03549320861616012,0,0
523,0.0,0.0,95.8216513812364,0.7854458715469089,-0.036756637748875165,0,0
524,250.0,2024344.2229786762,500.0,0.05,-0.034064983098894275,0,1
525,0.0,0.0,89.85202379228129,0.8003699405192968,-0.05323375560453536,0,0
526,0.0,0.0,88.73148595325137,0.8031712851168715,-0.07982322954432564,0,0
527,0.0,0.0,108.28859681145913,0.7542785079713521,-0.07168907609804798,0,0
528,0.0,0.0,114.13544643779662,0.7396613839055084,-0.03398716848713024,0,0
529,0.0,0.0,114.98914299708893,0.7375271425072777,-0.0637738054808632,0,0
530,0.0,0.0,106.39723525519904,0.7590069118620024,-0.04697546515064022,0,0
531,0.0,0.0,100.29775573717609,0.7742556106570597,-0.03907643769500824,0,0
532,0.0,0.0,109.77357001002532,0.7505660749749367,-0.03692072604380081,0,0
533,0.0,0.0,93.37515955666912,0.7915621011083271,-0.04685241281129593,0,0
534,250.0,2024344.2229786762,500.0,0.05,-0.043133636746802484,0,1
535,0.0,0.0,93.56081601006265,0.7910979599748433,-0.06001644697054298,0,0
536,0.0,0.0,98.76321775445524,0.7780919556138619,-0.0657968259490922,0,0
537,0.0,0.0,95.31061074503471,0.7867234731374132,-0.052797505457400695,0,0
538,0.0,0.0,93.67145222267575,0.7908213694433106,-0.039034764893449814,0,0
539,0.0,0.0,91.63573589523457,0.7959106602619135,-0.030730173326984245,0,0
540,0.0,0.0,88.65593501332798,0.8033601624666801,-0.040518012578330875,0,0
541,0.0,0.0,98.90472281619672,0.7777381929595082,-0.047942893605235626,0,0
542,0.0,0.0,102.04759714416691,0.7698810071395827,-0.03915266793068184,0,0
543,0.0,0.0,97.41715970075984,0.7814571007481004,-0.045148410449724286,0,0
544,250.0,2024344.2229786762,500.0,0.05,-0.03252309318799629,0,1
545,0.0,0.0,81.13249725446506,0.8221687568638373,-0.032607223691715426,0,0
546,0.0,0.0,82.48580813034273,0.8187854796741432,-0.05037723936149441,0,0
547,0.0,0.0,88.59427153306314,0.8035143211673421,-0.03835364503345118,0,1
548,0.0,0.0,95.74962646785384,0.7856259338303654,-0.06503898472559744,0,0
549,0.0,0.0,76.77917093700165,0.8330520726574958,-0.036790305915674004,0,0
550,0.0,0.0,72.08630213401895,0.8447842446649526,-0.018652293617191118,0,0
551,0.0,0.0,88.81467659682139,0.8029633085079465,-0.027345609554144668,0,0
552,0.0,0.0,115.75166138491834,0.7356208465377041,-0.03293979017618376,0,0
553,0.0,0.0,99.75449422647245,0.7756137644338189,-0.0445846372145321,0,0
554,250.0,2024344.2229786762,500.0,0.05,-0.04156478855336443,0,1
555,0.0,0.0,99.81031125191889,0.7754742218702028,-0.029032158669222707,0,0
556,0.0,0.0,89.6759458145113,0.8008101354637217,-0.04179973056556696,0,0
557,0.0,0.0,82.97280733537292,0.8175679816615676,-0.01895306632407212,0,0
558,0.0,0.0,81.4439972032696,0.821390006991826,-0.043964465211927206,0,0
559,0.0,0.0,128.5310709347791,0.7036723226630522,-0.03406790761879386,0,0
560,250.0,2024344.2229786762,500.0,0.05,-0.04890369264359573,0,1
561,0.0,0.0,118.93492208270457,0.7276626947932385,-0.0463566396013434,0,0
562,0.0,0.0,105.82294423440209,0.7604426394139947,-0.01900652141023862,0,0
563,0.0,0.0,71.05957861247974,0.8473510534688006,-0.09001672567070917,0,0
564,0.0,0.0,92.52275609378098,0.7936931097655475,-0.049854016605289986,0,0
565,0.0,0.0,80.8649581644158,0.8228376045889605,-0.021329305195150416,0,0
566,0.0,0.0,102.99437407392567,0.7675140648151858,-0.029513893299728533,0,0
567,250.0,2024344.2229786762,500.0,0.05,-0.09444874826345351,0,1
568,0.0,0.0,97.6698043788401,0.7808254890528997,-0.04052053073119388,0,0
569,0.0,0.0,102.39844237749311,0.7690038940562672,-0.037769637644464726,0,0
570,0.0,0.0,111.53646535218066,0.7461588366195483,-0.03948679821871359,0,0
571,0.0,0.0,81.95705859792216,0.8201073535051946,-0.04049197418821804,0,0
572,0.0,0.0,87.96249914641301,0.8050937521339675,-0.04002501044139395,0,0
573,0.0,0.0,92.71214561928132,0.7932196359517967,-0.05137332092124913,0,0
574,0.0,0.0,93.19105574168601,0.7920223606457849,-0.03386220195843159,0,0
575,250.0,2024344.2229786762,500.0,0.05,-0.12730136356783195,0,0
576,0.0,0.0,78.99190241606489,0.8275202439598378,-0.03890624684105726,0,0
577,0.0,0.0,106.19165006595081,0.759520874835123,-0.04415061396840658,0,0
578,0.0,0.0,86.33913597864263,0.8091521600533934,-0.04251001296557233,0,0
579,0.0,0.0,84.81509531456592,0.8129622617135852,-0.017448539304077637,0,0
580,0.0,0.0,89.13730851000949,0.8021567287249762,-0.05178964256703922,0,0
581,0.0,0.0,87.95549209447786,0.8051112697638053,-0.08045482032770235,0,0
582,250.0,2024344.2229786762,500.0,0.05,-0.07790748388520263,0,1
583,0.0,0.0,92.59169926506189,0.7935207518373453,-0.08264511204062286,0,0
584,0.0,0.0,84.6689954927498,0.8133275112681255,-0.0669214690353751,0,0
585,0.0,0.0,82.22986693294412,0.8194253326676397,-0.0301445507505389,0,0
586,0.0,0.0,90.1554318840293,0.7996114202899267,-0.06097220789160296,0,0
587,0.0,0.0,107.69323671831516,0.7557669082042121,-0.042066558422167555,0,0
588,0.0,0.0,94.43702386278558,0.7889074403430361,-0.057223154051934566,0,0
589,250.0,2024344.2229786762,500.0,0.05,-0.08260915812515501,0,1
590,0.0,0.0,92.97087761855154,0.7925728059536211,-0.04668952005131288,0,0
591,0.0,0.0,110.30493147817003,0.7492376713045749,-0.044603192584591445,0,0
592,0.0,0.0,98.01181301402828,0.7799704674649293,-0.03858243198428957,0,0
593,0.0,0.0,81.74361090196852,0.8206409727450786,-0.06862423023796249,0,0
594,250.0,2024344.2229786762,500.0,0.05,-0.03964375091747896,0,1
595,0.0,0.0,81.70822783736564,0.8207294304065859,-0.062297877204584906,0,0
596,0.0,0.0,93.89065073075119,0.790273373173122,-0.04134690668344654,0,0
597,0.0,0.0,83.39071796508532,0.8165232050872867,-0.041388083088885974,0,0
598,250.0,2024344.2229786762,500.0,0.05,-0.04959587031686574,0,0
599,0.0,0.0,106.32234085414933,0.7591941478646267,-0.1012066401465972,0,0
600,0.0,0.0,123.21026272429242,0.7169743431892689,-0.05186121269323518,0,0
601,0.0,0.0,109.50904188169672,0.7512273952957582,-0.05693001144402765,0,0
602,250.0,2024344.2229786762,500.0,0.05,-0.12471404267533681,0,0
603,0.0,0.0,103.78814166887844,0.7655296458278039,-0.05220396980743014,0,0
604,0.0,0.0,101.43740149117633,0.7714064962720592,-0.05774789362099608,0,0
605,0.0,0.0,78.30821433821086,0.8292294641544729,-0.06587276085375005,0,0
606,0.0,0.0,74.08646176396252,0.8397838455900937,-0.03923736527322397,0,0
607,250.0,2024344.2229786762,500.0,0.05,-0.04714453993948908,0,1
608,0.0,0.0,103.24971048516738,0.7668757237870816,-0.03202120552617793,0,0
609,0.0,0.0,92.49987644404055,0.7937503088898986,-0.040309021365861786,0,0
610,250.0,2024344.2229786762,500.0,0.05,-0.13353955303372744,0,0
611,250.0,2024344.2229786762,500.0,0.05,-0.09030830118603517,0,0
612,0.0,0.0,76.52059288420402,0.8336985177894899,-0.026929848162716374,0,0
613,0.0,0.0,83.29272345445183,0.8167681913638704,-0.0644710416535822,0,0
614,0.0,0.0,103.81873552220912,0.7654531611944771,-0.05689910965263767,0,0
615,0.0,0.0,90.91366313437715,0.7977158421640571,-0.043321169695427764,0,0
616,0.0,0.0,86.68095684102258,0.8082976078974435,-0.050202005828080654,0,0
617,0.0,0.0,73.03076507409884,0.8424230873147529,-0.01933094421994397,0,0
618,250.0,2024344.2229786762,500.0,0.05,-0.029409230672623243,0,1
619,250.0,2024344.2229786762,500.0,0.05,-0.056063782019793784,0,1
620,0.0,0.0,91.59922768059059,0.7960019307985235,-0.10087847350343448,0,0
621,0.0,0.0,87.94520649561245,0.8051369837609689,-0.08093302893608334,0,0
622,0.0,0.0,79.01839867218752,0.8274540033195312,-0.042456562618110816,0,0
623,0.0,0.0,94.14975927128654,0.7896256018217837,-0.05591460319512753,0,0
624,0.0,0.0,121.81745749666192,0.7204563562583453,-0.10423675295795232,0,0
625,0.0,0.0,114.88649198278397,0.7377837700430401,-0.07601696086280763,0,0
626,0.0,0.0,79.43837872297509,0.8264040531925623,-0.0361712784306899,0,0
627,250.0,2024344.2229786762,500.0,0.05,-0.06382923921977024,0,1
628,0.0,0.0,100.50397717475803,0.7737400570631049,-0.04231400797207119,0,0
629,0.0,0.0,78.57287597049414,0.8285678100737647,-0.03874472644633142,0,0
630,0.0,0.0,96.19242967603829,0.7845189258099042,-0.05834140798286258,0,0
631,0.0,0.0,111.43447716020326,0.7464138070994918,-0.0755129803169694,0,0
632,250.0,2024344.2229786762,500.0,0.05,-0.043398810904270446,0,1
633,0.0,0.0,97.89354592017362,0.7802661351995659,-0.07432664732846461,0,0
634,250.0,2024344.2229786762,500.0,0.05,-0.052322317930538875,0,1
635,250.0,2024344.2229786762,500.0,0.05,-0.0562395068773186,0,1
636,0.0,0.0,128.68500563756794,0.7032874859060801,-0.05342401157986043,0,0
637,0.0,0.0,116.16717679220656,0.7345820580194836,-0.05216577571952119,0,0
638,0.0,0.0,93.20454484639943,0.7919886378840014,-0.0950701103796181,0,0
639,0.0,0.0,104.95084520258644,0.7626228869935339,-0.038199742765468225,0,0
640,0.0,0.0,130.23505484303078,0.699412362892423,-0.039149519835197655,0,0
641,0.0,0.0,87.8001094079614,0.8054997264800965,-0.1072964341533319,0,0
642,250.0,2024344.2229786762,500.0,0.05,-0.050751381732440204,0,1
643,0.0,0.0,86.66550069557675,0.8083362482610581,-0.04547013699773761,0,0
644,0.0,0.0,97.25938973706596,0.7818515256573351,-0.05811271867527923,0,0
645,0.0,0.0,104.91995854462866,0.7627001036384283,-0.045202010385327784,0,0
646,250.0,2024344.2229786762,500.0,0.05,-0.061605429117229216,0,1
647,0.0,0.0,96.62875063562187,0.7834281234109453,-0.04811867341062026,0,0
648,0.0,0.0,100.5045669681368,0.773738582579658,-0.0809460444465755,0,0
649,250.0,2024344.2229786762,500.0,0.05,-0.019009604507895905,0,1
650,0.0,0.0,109.76709655817695,0.7505822586045576,-0.05302546106379258,0,0
651,0.0,0.0,99.27904907036717,0.7768023773240821,-0.024228138250796172,0,0
652,0.0,0.0,93.05874162505333,0.7923531459373666,-0.06403403102670446,0,0
653,0.0,0.0,77.67789910027423,0.8308052522493145,-0.05225131439747066,0,0
654,0.0,0.0,100.38741679678235,0.7740314580080441,-0.03345740126077512,0,0
655,0.0,0.0,77.55550136591717,0.8311112465852071,-0.0628146404916593,0,0
656,0.0,0.0,73.72742904993183,0.8406814273751704,-0.034537471975395806,0,0
657,0.0,0.0,89.00664528094937,0.8024833867976265,-0.061830618213198685,0,0
658,0.0,0.0,94.38130420298363,0.7890467394925409,-0.044105061445789295,0,0
659,0.0,0.0,96.82681907871705,0.7829329523032074,-0.017707361957031154,0,0
660,0.0,0.0,106.81817636229795,0.7579545590942551,-0.03066933623830359,0,0
661,0.0,0.0,111.73159685738953,0.7456710078565262,-0.04993561958315296,0,0
662,0.0,0.0,82.64802305653691,0.8183799423586577,-0.034989372930883555,0,0
663,250.0,2024344.2229786762,500.0,0.05,-0.030722628646923544,0,1
664,0.0,0.0,90.48601365779274,0.7987849658555182,-0.048400410333390154,0,0
665,0.0,0.0,105.02967426118015,0.7624258143470496,-0.029462416516887968,0,0
666,0.0,0.0,111.67667754373014,0.7458083061406746,-0.06326771475287651,0,0
667,250.0,2024344.2229786762,500.0,0.05,-0.10174924428650678,0,0
668,0.0,0.0,106.23280895154531,0.7594179776211367,-0.037970311040355975,0,0
669,0.0,0.0,102.37137300477946,0.7690715674880513,-0.05719112131650328,0,0
670,250.0,2024344.2229786762,500.0,0.05,-0.08661456579988513,0,1
671,0.0,0.0,101.23784383949832,0.7719053904012542,-0.047329878353588595,0,0
672,0.0,0.0,113.18941159395055,0.7420264710151236,-0.03127188921464508,0,0
673,0.0,0.0,84.29847247206185,0.8142538188198454,-0.0693880424731359,0,0
674,0.0,0.0,93.51995864694534,0.7912001033826366,-0.032295516389698964,0,0
675,0.0,0.0,99.56145541718385,0.7760963614570403,-0.0402687628987467,0,0
676,0.0,0.0,122.55975059243013,0.7186006235189246,-0.08306630285753858,0,0
677,0.0,0.0,94.85893657307847,0.7878526585673038,-0.032457237886814205,0,0
678,250.0,2024344.2229786762,500.0,0.05,-0.03319669453395202,0,1
679,0.0,0.0,98.72862759102114,0.7781784310224471,-0.03788405034657327,0,0
680,250.0,2024344.2229786762,500.0,0.05,-0.027204693660584645,0,1
681,0.0,0.0,88.87726651724243,0.8028068337068939,-0.057052903350548356,0,0
682,250.0,2024344.2229786762,500.0,0.05,-0.04480438787024532,0,1
683,0.0,0.0,81.02045657128203,0.822448858571795,-0.04280238895651445,0,0
684,0.0,0.0,94.6805923771421,0.7882985190571448,-0.07925892408732782,0,0
685,0.0,0.0,89.54063500729974,0.8011484124817506,-0.054443323530442456,0,0
686,0.0,0.0,83.6956225490832,0.815760943627292,-0.030968981416213515,0,0
687,250.0,2024344.2229786762,500.0,0.05,-0.08376377592192141,0,0
688,0.0,0.0,73.82293743090716,0.8404426564227321,-0.06813216047755843,0,0
689,0.0,0.0,86.49344240809619,0.8087663939797595,-0.04982254007907361,0,0
690,0.0,0.0,74.23011388848641,0.8394247152787839,-0.022148310129379678,0,0
691,0.0,0.0,92.8354125732135,0.7929114685669663,-0.05898914779357789,0,0
692,0.0,0.0,73.26902194919099,0.8418274451270226,-0.07501942566363151,0,0
693,0.0,0.0,94.00217248276454,0.7899945687930886,-0.0334314176135857,0,0
694,0.0,0.0,82.94956933500457,0.8176260766624885,-0.04255605425461373,0,0
695,0.0,0.0,83.32138902978201,0.816696527425545,-0.08311316933370994,0,0
696,0.0,0.0,97.44574519682601,0.781385637007935,-0.03861238559227742,0,0
697,0.0,0.0,82.98708424850183,0.8175322893787454,-0.06344966797811658,0,0
698,0.0,0.0,92.1016142653662,0.7947459643365845,-0.025195765354793287,0,0
699,0.0,0.0,97.36424753481171,0.7815893811629707,-0.04802126314129884,0,0
700,0.0,0.0,105.74446586540103,0.7606388353364975,-0.045164361626929383,0,0
701,0.0,0.0,84.56860246730639,0.813578493831734,-0.033256374279747036,0,0
702,0.0,0.0,83.7604523757481,0.8155988690606297,-0.04557564620709342,0,0
703,0.0,0.0,96.89916876578457,0.7827520780855386,-0.06756621033774679,0,0
704,0.0,0.0,92.35874875439899,0.7941031281140025,-0.05710927904973884,0,0
705,0.0,0.0,90.0353115957666,0.7999117210105835,-0.03893242375618966,0,0
706,0.0,0.0,95.86205336985729,0.7853448665753567,-0.039980405507932026,0,0
707,0.0,0.0,120.12850083861713,0.7246787479034571,-0.05242673114733909,0,0
708,0.0,0.0,117.63567729297452,0.7309108067675637,-0.06546663051621648,0,0
709,0.0,0.0,81.7162719827946,0.8207093200430134,-0.061632699375689604,0,0
710,0.0,0.0,99.51569541574855,0.7762107614606286,-0.10566040123567721,0,0
711,0.0,0.0,99.34762455490295,0.7766309386127426,-0.05945606671858372,0,0
712,250.0,2024344.2229786762,500.0,0.05,-0.1103626613695099,2,0
713,0.0,0.0,103.5314591186509,0.7661713522033727,-0.06232652015161699,0,0
714,0.0,0.0,98.31798828824887,0.7792050292793778,-0.050868911267343386,0,0
715,0.0,0.0,88.25952991902432,0.8043511752024392,-0.030615168425073724,0,0
716,0.0,0.0,82.8514411570633,0.8178713971073417,-0.06856742897265344,0,0
717,250.0,2024344.2229786762,500.0,0.05,-0.08727888745751367,0,1
718,0.0,0.0,99.86702545295209,0.7753324363676197,-0.059290246859601825,0,0
719,0.0,0.0,82.02773453384863,0.8199306636653784,-0.037759783171437133,0,0
720,0.0,0.0,101.02260843660405,0.7724434789084899,-0.0445619821195935,0,0
721,0.0,0.0,94.40404991120647,0.7889898752219838,-0.03452115181592608,0,0
722,250.0,2024344.2229786762,500.0,0.05,-0.044006079534221754,0,1
723,0.0,0.0,106.80111503467054,0.7579972124133236,-0.10533248191997313,0,0
724,250.0,2024344.2229786762,500.0,0.05,-0.0433954405368534,0,1
725,250.0,2024344.2229786762,500.0,0.05,-0.056492210844891755,0,1
726,0.0,0.0,83.72600571660256,0.8156849857084936,-0.08003393382352508,0,0
727,250.0,2024344.2229786762,500.0,0.05,-0.04969378404768077,0,1
728,0.0,0.0,89.36543364037476,0.8015864158990631,-0.061549300066725876,0,0
729,0.0,0.0,80.67547606211497,0.8233113098447126,-0.030503231299304434,0,0
730,0.0,0.0,97.07207780265064,0.7823198054933733,-0.05337473141860283,0,0
731,250.0,2024344.2229786762,500.0,0.05,-0.044110852614494656,0,1
732,250.0,2024344.2229786762,500.0,0.05,-0.0372301823368093,0,1
733,250.0,2024344.2229786762,500.0,0.05,-0.03626111892063544,0,0
734,250.0,2024344.2229786762,500.0,0.05,-0.059422020919126406,0,1
735,0.0,0.0,107.17448440784962,0.757063788980376,-0.05089578912706727,0,0
736,250.0,2024344.2229786762,500.0,0.05,-0.10485980142452678,0,0
737,0.0,0.0,76.55065620769395,0.8336233594807652,-0.049228756849299504,0,0
738,0.0,0.0,108.83529128362284,0.7529117717909429,-0.06551451951531395,0,0
739,0.0,0.0,96.63971922607723,0.7834007019348069,-0.028180935133920615,0,0
740,250.0,2024344.2229786762,500.0,0.05,-0.0408394457382506,0,1
741,250.0,2024344.2229786762,500.0,0.05,-0.048925181782728866,0,1
742,0.0,0.0,89.76679938621395,0.8005830015344652,-0.03880984669141563,0,0
743,250.0,2024344.2229786762,500.0,0.05,-0.050242233719247076,0,1
744,250.0,2024344.2229786762,500.0,0.05,-0.11658187593438107,0,0
745,0.0,0.0,93.14974785278459,0.7921256303680385,-0.04054119906715892,0,0
746,250.0,2024344.2229786762,500.0,0.05,-0.08113527000765719,0,0
747,0.0,0.0,93.36646068171038,0.791583848295724,-0.037358601220278675,0,0
748,0.0,0.0,80.26094292899232,0.8243476426775191,-0.06318793834153957,0,0
749,0.0,0.0,78.55468825136224,0.8286132793715943,-0.05102267412049455,0,0
750,0.0,0.0,105.04319966833002,0.7623920008291749,-0.03372067669177525,0,0
751,0.0,0.0,102.6058251045886,0.7684854372385285,-0.051084501435334606,0,0
752,0.0,0.0,82.78241630002076,0.8180439592499481,-0.03313862098007936,0,0
753,0.0,0.0,120.27224884066375,0.7243193778983406,-0.07281473517890857,0,0
754,0.0,0.0,109.2080345177692,0.7519799137055769,-0.084782571192763,0,0
755,0.0,0.0,91.65303164570895,0.7958674208857276,-0.03639794101172977,0,0
756,0.0,0.0,87.95566821876761,0.805110829453081,-0.0495918605459037,0,0
757,0.0,0.0,80.25517942544742,0.8243620514363814,-0.04921596677721585,0,0
758,250.0,2024344.2229786762,500.0,0.05,-0.05305908276178761,0,1
759,0.0,0.0,112.88138866319956,0.742796528342001,-0.05240492910587047,0,0
760,0.0,0.0,109.36827688116395,0.7515793077970901,-0.06595982528994104,0,0
761,0.0,0.0,86.32350301850096,0.8091912424537476,-0.0806711909402924,0,0
762,250.0,2024344.2229786762,500.0,0.05,-0.06412333328563657,0,1
763,250.0,2024344.2229786762,500.0,0.05,-0.04785217048063828,0,1
764,250.0,2024344.2229786762,500.0,0.05,-0.05500811958984064,0,0
765,250.0,2024344.2229786762,500.0,0.05,-0.023743462278357996,0,1
766,0.0,0.0,95.55985813945921,0.786100354651352,-0.04341595384504349,0,0
767,250.0,2024344.2229786762,500.0,0.05,-0.040571647332798944,0,1
768,250.0,2024344.2229786762,500.0,0.05,-0.09664827818876842,0,1
769,0.0,0.0,101.4915690322409,0.7712710774193977,-0.04427189683292909,0,0
770,0.0,0.0,85.07053482137285,0.8123236629465679,-0.049153200571897426,0,0
771,0.0,0.0,83.93448251271896,0.8151637937182026,-0.03928991200463561,0,0
772,0.0,0.0,81.72261617189376,0.8206934595702655,-0.035313527600777106,0,0
773,0.0,0.0,104.2251201291377,0.7644371996771557,-0.05173619785310335,0,0
774,250.0,2024344.2229786762,500.0,0.05,-0.052383277707357734,0,1
775,0.0,0.0,89.09428309142774,0.8022642922714306,-0.038915092785566485,0,0
776,0.0,0.0,105.59561532600917,0.7610109616849771,-0.09464127733049166,0,0
777,0.0,0.0,84.93904451989671,0.8126523887002582,-0.028002889261659725,0,0
778,0.0,0.0,91.28193045538337,0.7967951738615415,-0.03810931008318452,0,0
779,0.0,0.0,88.58725313306003,0.8035318671673499,-0.05881891938575412,0,0
780,250.0,2024344.2229786762,500.0,0.05,-0.05888831870380584,0,0
781,0.0,0.0,73.04070020950309,0.8423982494762423,-0.04677811574445345,0,0
782,0.0,0.0,80.83327642109484,0.8229168089472629,-0.029573669334004737,0,0
783,250.0,2024344.2229786762,500.0,0.05,-0.0852050454041341,0,0
784,0.0,0.0,98.50109235647041,0.778747269108824,-0.030532430228547347,0,0
785,0.0,0.0,92.47714342910903,0.7938071414272274,-0.03721872926230385,0,0
786,0.0,0.0,92.19797548659965,0.7945050612835008,-0.0385000258766347,0,0
787,0.0,0.0,85.79795368860223,0.8105051157784944,-0.04998294646547852,0,0
788,0.0,0.0,125.61457016815591,0.7109635745796102,-0.039839665110614986,0,0
789,0.0,0.0,106.90001057376416,0.7577499735655896,-0.04947393285113788,0,0
790,0.0,0.0,85.94619325676618,0.8101345168580846,-0.05726481110640991,0,0
791,0.0,0.0,97.52688487123815,0.7811827878219046,-0.022002178366263503,0,0
792,0.0,0.0,72.4290180620086,0.8439274548449784,-0.036369133289076205,0,0
793,250.0,2024344.2229786762,500.0,0.05,-0.03820007011429083,0,1
794,250.0,2024344.2229786762,500.0,0.05,-0.04934869850490664,0,1
795,0.0,0.0,84.12880113243187,0.8146779971689203,-0.0404018827478968,0,0
796,250.0,2024344.2229786762,500.0,0.05,-0.06463062199263347,0,1
797,0.0,0.0,92.32388670713382,0.7941902832321655,-0.024493695021157946,0,0
798,250.0,2024344.2229786762,500.0,0.05,-0.09092999636421784,2,0
799,0.0,0.0,110.76256032762397,0.7480935991809401,-0.06931397228700942,0,0
800,0.0,0.0,119.04404935937727,0.7273898766015569,-0.03853921108877367,0,0
801,0.0,0.0,123.61310413207853,0.7159672396698036,-0.05379486722138804,0,0
802,0.0,0.0,103.20772471639621,0.7669806882090094,-0.036672607548745684,0,0
803,0.0,0.0,84.8163164909528,0.812959208772618,-0.04655831310564107,0,0
804,250.0,2024344.2229786762,500.0,0.05,-0.03471572531507139,0,1
805,250.0,2024344.2229786762,500.0,0.05,-0.04071635223045378,0,1
806,250.0,2024344.2229786762,500.0,0.05,-0.05680614198015166,0,0
807,0.0,0.0,80.66151062064517,0.823346223448387,-0.021953382922409448,0,0
808,0.0,0.0,79.91755843054297,0.8252061039236426,-0.026683950247092247,0,0
809,0.0,0.0,84.59696023752588,0.8135075994061853,-0.033197429878084606,0,0
810,250.0,2024344.2229786762,500.0,0.05,-0.0779705792765133,0,1
811,250.0,2024344.2229786762,500.0,0.05,-0.027318775637538928,0,1
812,0.0,0.0,110.24974559194025,0.7493756360201493,-0.05340663422179326,0,0
813,0.0,0.0,84.63977359443484,0.8134005660139129,-0.02677501734979415,0,0
814,250.0,2024344.2229786762,500.0,0.05,-0.03339595003398088,0,1
815,0.0,0.0,83.60246029304864,0.8159938492673784,-0.03889422638821605,0,0
816,0.0,0.0,115.59993033286906,0.7360001741678273,-0.05800835490021239,0,0
817,0.0,0.0,92.93440665580778,0.7926639833604805,-0.02668578164825708,0,0
818,0.0,0.0,91.32480517395122,0.7966879870651219,-0.03363426705551231,0,0
819,0.0,0.0,103.50502034254991,0.7662374491436252,-0.06794685788312971,0,0
820,250.0,2024344.2229786762,500.0,0.05,-0.07508586242237214,0,1
821,0.0,0.0,78.6083882361291,0.8284790294096772,-0.04924395811770732,0,0
822,0.0,0.0,79.03097283834755,0.827422567904131,-0.030302645968352526,0,0
823,0.0,0.0,76.82910168190297,0.8329272457952426,-0.0520281410333997,0,0
824,0.0,0.0,93.78146020346782,0.7905463494913304,-0.04675518865373318,0,0
825,250.0,2024344.2229786762,500.0,0.05,-0.033928633911746386,0,1
826,0.0,0.0,92.36222759258837,0.7940944310185291,-0.03409765626904704,0,0
827,0.0,0.0,89.55267607108311,0.8011183098222922,-0.04492402075016522,0,0
828,0.0,0.0,86.28589978363571,0.8092852505409107,-0.05654692488641633,0,0
829,0.0,0.0,96.04350076452384,0.7848912480886904,-0.04458314163108679,0,0
830,0.0,0.0,81.8741400720987,0.8203146498197532,-0.06720142077786595,0,0
831,0.0,0.0,108.00981591660123,0.7549754602084969,-0.04562507148647277,0,0
832,0.0,0.0,81.45587387758309,0.8213603153060423,-0.041551091085577085,0,0
833,0.0,0.0,89.20821575200662,0.8019794606199834,-0.06298707252407687,0,0
834,0.0,0.0,94.22166867005434,0.7894458283248641,-0.036220232576498645,0,0
835,0.0,0.0,94.25130929236411,0.7893717267690897,-0.04017718033584605,0,0
836,0.0,0.0,107.206555942432,0.75698361014392,-0.03576942896032176,0,0
837,0.0,0.0,86.7693558714352,0.808076610321412,-0.03549358786268675,0,0
838,0.0,0.0,92.92080651623422,0.7926979837094145,-0.03439259185706234,0,0
839,250.0,2024344.2229786762,500.0,0.05,-0.05245334106053734,2,0
840,250.0,2024344.2229786762,500.0,0.05,-0.043205357592880134,0,1
841,0.0,0.0,92.16054284895877,0.7945986428776031,-0.06476714130002104,0,0
842,0.0,0.0,86.67035473221652,0.8083241131694586,-0.032256614719651244,0,0
843,0.0,0.0,101.04308837484756,0.7723922790628811,-0.06334664813232127,0,0
844,250.0,2024344.2229786762,500.0,0.05,-0.03332105808835173,0,1
845,0.0,0.0,88.26846002735684,0.8043288499316079,-0.05704083787698411,0,0
846,0.0,0.0,78.87949090711207,0.8278012727322198,-0.033511853593034435,0,0
847,0.0,0.0,78.29004025856658,0.8292748993535836,-0.051195344391514075,0,0
848,250.0,2024344.2229786762,500.0,0.05,-0.06790440883110305,0,1
849,250.0,2024344.2229786762,500.0,0.05,-0.05757049659868374,0,0
850,0.0,0.0,88.58518611179657,0.8035370347205085,-0.04213012559945062,0,0
851,0.0,0.0,87.09363219271314,0.8072659195182171,-0.03413102711565974,0,0
852,0.0,0.0,107.04689640959594,0.7573827589760102,-0.11558279640411973,0,0
853,0.0,0.0,96.72078156728892,0.7831980460817777,-0.03631606074140736,0,0
854,0.0,0.0,76.8625986930714,0.8328435032673215,-0.02942557192248063,0,0
855,0.0,0.0,85.31052085526802,0.81172369786183,-0.058456667660253925,0,0
856,0.0,0.0,105.19998597601005,0.7620000350599748,-0.06113326213115644,0,0
857,0.0,0.0,78.7083354600504,0.828229161349874,-0.03206223554684773,0,0
858,0.0,0.0,87.2833395057109,0.8067916512357227,-0.07731053566279522,0,0
859,0.0,0.0,82.44693586446981,0.8188826603388255,-0.04182674728766922,0,0
860,250.0,2024344.2229786762,500.0,0.05,-0.10072394195617962,0,0
861,0.0,0.0,101.50315537742547,0.7712421115564363,-0.10949083413541794,0,0
862,0.0,0.0,101.35441450458066,0.7716139637385483,-0.046160007963533034,0,0
863,0.0,0.0,110.30354922681063,0.7492411269329734,-0.04205152506286847,0,0
864,250.0,2024344.2229786762,500.0,0.05,-0.03486174355897664,0,1
865,0.0,0.0,82.16914538316335,0.8195771365420916,-0.041902725930564655,0,0
866,0.0,0.0,99.87029635603766,0.7753242591099059,-0.09145440155774764,0,0
867,0.0,0.0,99.79807176396206,0.7755048205900948,-0.08409566601348561,0,0
868,250.0,2024344.2229786762,500.0,0.05,-0.06630866136316094,0,1
869,250.0,2024344.2229786762,500.0,0.05,-0.036776729048093815,0,0
870,0.0,0.0,77.24162931892688,0.8318959267026828,-0.03158389209513979,0,0
871,250.0,2024344.2229786762,500.0,0.05,-0.05930295854061185,0,1
872,0.0,0.0,87.24918275332635,0.8068770431166841,-0.06097769145180609,0,0
873,0.0,0.0,99.35873964251178,0.7766031508937206,-0.05596192445795922,0,0
874,0.0,0.0,86.9434443254763,0.8076413891863092,-0.04580460002179987,0,0
875,0.0,0.0,74.21121814666505,0.8394719546333373,-0.08042730939871046,0,0
876,0.0,0.0,93.31181621309678,0.791720459467258,-0.059358912552912035,0,0
877,0.0,0.0,106.25639829866905,0.7593590042533274,-0.066160299084001,0,0
878,0.0,0.0,109.80689548003096,0.7504827612999225,-0.04487465102710253,0,0
879,0.0,0.0,87.10938357202116,0.8072265410699471,-0.02553072297647374,0,0
880,0.0,0.0,89.9884991546716,0.8000287521133209,-0.0333002094958299,0,0
881,0.0,0.0,115.80623892052745,0.7354844026986813,-0.09568949059003051,0,0
882,0.0,0.0,86.85985994645725,0.8078503501338569,-0.03531032022134528,0,0
883,0.0,0.0,92.30860166071037,0.7942284958482241,-0.045725290922885575,0,0
884,0.0,0.0,94.24946034238167,0.7893763491440458,-0.02540101680504947,0,0
885,0.0,0.0,126.08781877604879,0.709780453059878,-0.06849049690411746,0,0
886,0.0,0.0,70.62252798189625,0.8484436800452594,-0.10646932647083529,0,0
887,250.0,2024344.2229786762,500.0,0.05,-0.08244316535527285,0,1
888,0.0,0.0,104.09121299480859,0.7647719675129785,-0.04461157777122715,0,0
889,0.0,0.0,102.95471501464985,0.7676132124633753,-0.06259058988029054,0,0
890,0.0,0.0,101.2477926850069,0.7718805182874827,-0.06393812472896532,0,0
891,0.0,0.0,82.70638268507132,0.8182340432873216,-0.024562655228163144,0,0
892,0.0,0.0,85.6430139810137,0.8108924650474657,-0.05627656308502904,0,0
893,250.0,2024344.2229786762,500.0,0.05,-0.05979303536722347,0,1
894,0.0,0.0,85.80930626970954,0.8104767343257261,-0.051069446101002614,0,0
895,0.0,0.0,89.01856528189757,0.802453586795256,-0.05416743922536338,0,0
896,250.0,2024344.2229786762,500.0,0.05,-0.09115656054414822,0,0
897,0.0,0.0,106.526519712595,0.7586837007185124,-0.03939280160698666,0,0
898,0.0,0.0,103.54111283062414,0.7661472179234396,-0.08766698257025463,0,0
899,0.0,0.0,78.3774853871343,0.8290562865321642,-0.03295880239814852,0,0
900,0.0,0.0,83.42143806652426,0.8164464048336894,-0.04867207562071041,0,0
901,0.0,0.0,89.43426051130118,0.801414348721747,-0.03732975124993687,0,0
902,250.0,2024344.2229786762,500.0,0.05,-0.026161971477724366,0,1
903,0.0,0.0,97.67966572448748,0.7808008356887812,-0.030192405190034632,0,0
904,0.0,0.0,110.85575173864206,0.7478606206533949,-0.053818320604403724,0,0
905,0.0,0.0,91.08730009757778,0.7972817497560555,-0.04462654145413558,0,0
906,0.0,0.0,87.41148341111617,0.8064712914722095,-0.05464262427488242,0,0
907,250.0,2024344.2229786762,500.0,0.05,-0.036814858455421984,0,1
908,0.0,0.0,88.03221869607941,0.8049194532598014,-0.08542187567344905,0,0
909,0.0,0.0,99.74257416108534,0.7756435645972866,-0.08040006937281863,0,0
910,0.0,0.0,80.48505309193177,0.8237873672701705,-0.04731469557836132,0,0
911,0.0,0.0,91.2949443982946,0.7967626390042635,-0.04084984839209471,0,0
912,0.0,0.0,70.0,0.85,-0.04876700131957601,0,0
913,0.0,0.0,93.05256456393074,0.7923685885901731,-0.029779820025078396,0,0
914,0.0,0.0,84.68920817969446,0.8132769795507638,-0.045538472395866836,0,0
915,0.0,0.0,88.11843122462135,0.8047039219384466,-0.03594834402932723,0,0
916,250.0,2024344.2229786762,500.0,0.05,-0.032487513445990546,0,1
917,250.0,2024344.2229786762,500.0,0.05,-0.06315964163771304,0,1
918,0.0,0.0,84.09544455316893,0.8147613886170777,-0.05001092954475217,0,0
919,0.0,0.0,103.75571557032094,0.7656107110741976,-0.05365830357040802,0,0
920,250.0,2024344.2229786762,500.0,0.05,-0.04101999991956318,0,1
921,0.0,0.0,86.54960226765124,0.8086259943308719,-0.052063304597064985,0,0
922,0.0,0.0,98.9111501813077,0.7777221245467307,-0.04543687877075131,0,0
923,0.0,0.0,91.38060877008111,0.7965484780747972,-0.0710974671647121,0,0
924,0.0,0.0,123.88724354527528,0.7152818911368117,-0.1091256181969611,0,0
925,0.0,0.0,87.51643398026704,0.8062089150493323,-0.030122347643636527,0,0
926,0.0,0.0,99.46307641505868,0.7763423089623532,-0.03524892148045056,0,0
927,0.0,0.0,93.83417044149024,0.7904145738962743,-0.05400686633302676,0,0
928,0.0,0.0,90.3420386785069,0.7991449033037328,-0.023061747700079405,0,0
929,0.0,0.0,79.16508087343283,0.8270872978164179,-0.018902801401683544,0,0
930,0.0,0.0,85.8879621469327,0.8102800946326683,-0.03578817629869602,0,0
931,0.0,0.0,73.43425597873002,0.8414143600531749,-0.039278317093765835,0,0
932,0.0,0.0,80.458140280379,0.8238546492990525,-0.05362001398152472,0,0
933,0.0,0.0,92.91754733240923,0.792706131668977,-0.10659605103866443,0,0
934,0.0,0.0,84.80145450632432,0.8129963637341892,-0.02801851536891964,0,0
935,0.0,0.0,80.8855244197555,0.8227861889506112,-0.02953428119746737,0,0
936,0.0,0.0,104.37163828863696,0.7640709042784076,-0.03697124360035575,0,0
937,0.0,0.0,102.81148227924616,0.7679712943018846,-0.03497807461706148,0,1
938,0.0,0.0,109.4351695668343,0.7514120760829142,-0.02542538718257792,0,0
939,250.0,2024344.2229786762,500.0,0.05,-0.05744238186975004,0,1
940,0.0,0.0,91.51123512658559,0.796221912183536,-0.02643046651144021,0,0
941,0.0,0.0,78.62214280873717,0.828444642978157,-0.047106037390613476,0,0
942,250.0,2024344.2229786762,500.0,0.05,-0.08814945886617453,0,0
943,0.0,0.0,71.32450065873027,0.8466887483531743,-0.03803316856079042,0,0
944,0.0,0.0,88.64938350096907,0.8033765412475773,-0.048645194949537784,0,0
945,0.0,0.0,90.0732437603672,0.799816890599082,-0.07884354717304798,0,0
946,0.0,0.0,77.38276986633593,0.8315430753341602,-0.025184677735689887,0,0
947,0.0,0.0,79.87409357788587,0.8253147660552853,-0.06492203568593635,0,0
948,0.0,0.0,96.4954572459109,0.7837613568852227,-0.07161616101527735,0,0
949,250.0,2024344.2229786762,500.0,0.05,-0.049418320586407494,0,0
950,0.0,0.0,100.37711079085598,0.7740572230228601,-0.034843657310638876,0,0
951,0.0,0.0,91.10617173480499,0.7972345706629875,-0.03592116991519889,0,0
952,0.0,0.0,92.15575755984682,0.7946106061003829,-0.047297082143650915,0,0
953,0.0,0.0,97.34918256940497,0.7816270435764876,-0.041675867574334835,0,0
954,0.0,0.0,99.9778045764947,0.7750554885587633,-0.04848993331224338,0,0
955,0.0,0.0,94.14159288860745,0.7896460177784813,-0.0812288017731152,0,0
956,0.0,0.0,111.33186765313127,0.7466703308671718,-0.042698019152222044,0,0
957,0.0,0.0,104.7567234859376,0.763108191285156,-0.05800627589174956,0,0
958,0.0,0.0,102.33920695210047,0.7691519826197488,-0.06319122851799819,0,0
959,0.0,0.0,95.90362279012638,0.7852409430246841,-0.037263004939188105,0,0
960,0.0,0.0,104.31608885801394,0.7642097778549651,-0.08946563404845065,0,0
961,0.0,0.0,77.06170692168547,0.8323457326957863,-0.03644778846835728,0,0
962,250.0,2024344.2229786762,500.0,0.05,-0.03743000318335854,0,1
963,250.0,2024344.2229786762,500.0,0.05,-0.04731887619024211,0,1
964,0.0,0.0,106.6154590962666,0.7584613522593334,-0.03705197416296535,0,0
965,0.0,0.0,83.08992879402483,0.8172751780149379,-0.06253635062896268,0,0
966,0.0,0.0,77.62502330286655,0.8309374417428336,-0.0263582294002348,0,0
967,250.0,2024344.2229786762,500.0,0.05,-0.11125886210435343,0,0
968,0.0,0.0,85.97579483684264,0.8100605129078934,-0.03866745027363694,0,0
969,0.0,0.0,111.46067305106455,0.7463483173723386,-0.04005156261181886,0,0
970,0.0,0.0,124.39021711811006,0.7140244572047248,-0.08381798480802283,0,0
971,250.0,2024344.2229786762,500.0,0.05,-0.03201548178524671,0,1
972,250.0,2024344.2229786762,500.0,0.05,-0.091100391628407,0,1
973,0.0,0.0,76.16911004477008,0.8345772248880747,-0.036882613822574184,0,0
974,0.0,0.0,115.87083633082091,0.7353229091729477,-0.030947774439371023,0,0
975,0.0,0.0,100.06816834249318,0.774829579143767,-0.05436088045037446,0,0
976,0.0,0.0,99.34229429234126,0.7766442642691468,-0.06731504301655611,0,0
977,250.0,2024344.2229786762,500.0,0.05,-0.12582491284569564,0,0
978,250.0,2024344.2229786762,500.0,0.05,-0.04493345976174634,0,0
979,0.0,0.0,107.8565567789642,0.7553586080525895,-0.060590829519965084,0,0
980,250.0,2024344.2229786762,500.0,0.05,-0.1279843655755103,0,0
981,0.0,0.0,89.00734179892561,0.802481645502686,-0.07074304307122459,0,0
982,0.0,0.0,110.68264846665402,0.748293378833365,-0.07307874824330829,0,0
983,0.0,0.0,109.62312270708813,0.7509421932322796,-0.04589096182723973,0,0
984,0.0,0.0,99.34330810886084,0.7766417297278478,-0.09509137992437278,0,0
985,250.0,2024344.2229786762,500.0,0.05,-0.06140660331987535,0,0
986,0.0,0.0,80.64560245823175,0.8233859938544206,-0.04906995674707604,0,0
987,250.0,2024344.2229786762,500.0,0.05,-0.05945164318832874,0,1
988,0.0,0.0,86.98095952283553,0.8075476011929111,-0.06929105136364,0,0
989,0.0,0.0,113.0437399560286,0.7423906501099284,-0.03588036344065715,0,0
990,0.0,0.0,87.78683353462772,0.8055329161634307,-0.05370563459573696,0,0
991,0.0,0.0,83.51692411924445,0.8162076897018888,-0.04598815844067017,0,0
992,0.0,0.0,104.81921446324915,0.7629519638418771,-0.08170095700530122,0,0
993,0.0,0.0,93.72354537609107,0.7906911365597723,-0.03473007963469199,0,0
994,0.0,0.0,83.51019376231012,0.8162245155942247,-0.04513703092303256,0,0
995,0.0,0.0,84.70303536710549,0.8132424115822363,-0.03625825603358135,0,0
996,0.0,0.0,94.0840371454976,0.789789907136256,-0.06148587375117953,0,0
997,250.0,2024344.2229786762,500.0,0.05,-0.05923116952758689,0,1
998,250.0,2024344.2229786762,500.0,0.05,-0.07074954630406083,0,0
999,0.0,0.0,89.34343677897874,0.8016414080525531,-0.05351119253382597,0,0
